Exp,Rep,Oil,Surfactant,Cosurfactant,API_Name,Oil_V,Surfactant_V,Cosurfactant_V,Sonication,Droplet_Size,PDI,Zeta_P,Phase_Sep,Drug_Loading,Permeability,size_score (w=3),pdi_score  (w=2),zeta_score (w=1),dl_score   (w=2),perm_score (w=3),formulation_loss,stability_factor,objective
A-B5,R3,Maisine_Oil,Tween_20,Transcutol_HP,A190,5.26,23.05,15.88,2.5,13.88333333,0.142333333,-2.993333333,0,102.0433333,2.66e-05,0.0,0.047037036666666664,0.0,0.015717948461538466,-0.06599999999999998,-0.07249002974358967,1.0,-0.07249002974358967
A-B5,R1,Maisine_Oil,Tween_20,Transcutol_HP,A190,5.26,23.05,15.88,2.5,14.16666667,0.156,-3.673333333,0,99.54333333,2.37e-05,0.0,0.062222222222222213,0.0,0.0035128205384615703,-0.036999999999999984,0.020470085521367615,1.0,0.020470085521367615
A-B4,R3,Capmul_MCM,Tween_20,PEG_400,A190,8.24,25.3,18.5,2.1,11.11333333,0.144333333,-2.63,0,100.6633333,2.02e-05,0.0,0.04925925888888889,0.0,0.005102563846153885,-0.001999999999999981,0.10272364547008561,1.0,0.10272364547008561
E2_A,1,Capryol_90,Tween_20,Transcutol_HP,A190,8.325,18.5,21.5,2.025,121.1666667,0.150333333,-2.226666667,0,96.49666667,2.34e-05,0.023518518555555548,0.05592592555555556,0.0,0.026948717923076952,-0.033999999999999975,0.13430484262393177,1.0,0.13430484262393177
A-C5,R2,Capmul_MCM,Tween_20,Propylene_Glycol,A190,5.18,20.65,14.38,3.0,11.99,0.244666667,-3.876666667,0,98.36,2.52e-05,0.0,0.1607407411111111,0.0,0.01261538461538462,-0.05199999999999998,0.19071225145299153,1.0,0.19071225145299153
F5_F,2,Capryol_90,Tween_20,PEG_400,Feno,10.0,20.0,20.0,2.0,12.72333333,0.166666667,-4.216666667,0,104.1213814,2e-05,0.0,0.07407407444444443,0.0,0.03170293384615388,0.0,0.2115540165811966,1.0,0.2115540165811966
A-B4,R2,Capmul_MCM,Tween_20,PEG_400,A190,8.24,25.3,18.5,2.1,11.80666667,0.124333333,-4.546666667,0,111.7566667,3.36e-05,0.0,0.027037036666666663,0.0,0.29833333461538447,-0.13599999999999995,0.24274074256410244,1.0,0.24274074256410244
A-C5,R1,Capmul_MCM,Tween_20,Propylene_Glycol,A190,5.18,20.65,14.38,3.0,12.25333333,0.25,-3.726666667,0,109.18,3.33e-05,0.0,0.16666666666666666,0.0,0.1992307692307695,-0.133,0.3327948717948723,1.0,0.3327948717948723
F-B1,R1,Capryol_90,Tween_20,Transcutol_HP,Feno,8.94,27.55,13.88,2.3,12.12,0.306666667,-3.83,0,102.0333333,2.49e-05,0.0,0.22962963,0.0,0.01564102538461535,-0.04899999999999997,0.3435413107692308,1.0,0.3435413107692308
F5_A,3,Capryol_90,Tween_20,PEG_400,A190,10.0,20.0,20.0,2.0,160.5333333,0.260666667,-2.86,0,105.0612197,2.97e-05,0.06725925922222223,0.1785185188888889,0.0,0.04081614230769213,-0.09699999999999998,0.3494471000598288,1.0,0.3494471000598288
A-B4,R1,Capmul_MCM,Tween_20,PEG_400,A190,8.24,25.3,18.5,2.1,12.33333333,0.216,-3.793333333,0,105.9766667,2.2e-05,0.0,0.1288888888888889,0.0,0.07602564230769214,-0.019999999999999976,0.34982906239316214,1.0,0.34982906239316214
E2_A,2,Capryol_90,Tween_20,Transcutol_HP,A190,8.325,18.5,21.5,2.025,69.38333333,0.259666667,-3.626666667,0,104.7945295,2.22e-05,0.0,0.17740740777777778,0.0,0.03688099615384612,-0.021999999999999992,0.36257680786324786,1.0,0.36257680786324786
F-C3,R2,Capmul_MCM,Tween_80,Propylene_Glycol,Feno,5.18,20.8,5.25,0.1,11.66666667,0.103,-4.83,0,92.66,1.93e-05,0.0,0.003333333333333321,0.0,0.1284615384615386,0.035,0.36858974358974383,1.0,0.36858974358974383
F5_A,1,Capryol_90,Tween_20,PEG_400,A190,10.0,20.0,20.0,2.0,149.9666667,0.247666667,-2.743333333,0,98.48,2.42e-05,0.05551851855555554,0.16407407444444444,0.0,0.011692307692307662,-0.04199999999999997,0.3920883199401709,1.0,0.3920883199401709
F-C1,R1,Capmul_MCM,Tween_20,Propylene_Glycol,Feno,5.26,20.2,5.12,0.1,12.56666667,0.197,-2.813333333,0,101.91,1.9e-05,0.0,0.10777777777777778,0.0,0.014692307692307666,0.050000000000000024,0.394940170940171,1.0,0.394940170940171
A-C5,R3,Capmul_MCM,Tween_20,Propylene_Glycol,A190,5.18,20.65,14.38,3.0,17.17,0.38,-3.873333333,0,103.39,2.9e-05,0.0,0.3111111111111111,0.0,0.02607692307692308,-0.08999999999999998,0.4043760683760685,1.0,0.4043760683760685
A-A2,R3,Capryol_90,Tween_20,Ethanol,A190,8.0625,40.0,8.125,1.98,10.15333333,0.143666667,-2.696666667,0,111.69,2.92e-05,0.0,0.048518518888888876,0.0,0.2957692307692307,-0.092,0.41257549931623905,1.0,0.41257549931623905
A-A5,R3,Maisine_Oil,Tween_20,Transcutol_HP,A190,5.35,24.25,15.625,2.025,13.73,0.095,-3.123333333,0,103.16,1.73e-05,0.0,-0.0011111111111111122,0.0,0.02430769230769228,0.13500000000000006,0.4513931623931625,1.0,0.4513931623931625
E2_A,3,Capryol_90,Tween_20,Transcutol_HP,A190,8.325,18.5,21.5,2.025,69.53666667,0.249666667,-4.366666667,0,102.2205929,1.93e-05,0.0,0.16629629666666668,0.0,0.017081483846153843,0.035,0.4717555610256411,1.0,0.4717555610256411
F5_A,2,Capryol_90,Tween_20,PEG_400,A190,10.0,20.0,20.0,2.0,162.9666667,0.274,-2.37,0,107.6195789,3.26e-05,0.06996296299999999,0.19333333333333336,0.0,0.1392145730769228,-0.12599999999999997,0.49698470182051235,1.0,0.49698470182051235
F-C3,R3,Capmul_MCM,Tween_80,Propylene_Glycol,Feno,5.18,20.8,5.25,0.1,12.12,0.126333333,-4.76,0,91.93333333,1.91e-05,0.0,0.029259258888888872,0.0,0.1564102565384617,0.045000000000000075,0.5063390308547013,1.0,0.5063390308547013
B4_A,3,Capryol_90,Tween_20,Ethanol,A190,8.25,17.0,23.0,1.65,26.21666667,0.338333333,-4.19,0,102.4241058,2.08e-05,0.0,0.26481481444444444,0.0,0.018646967692307743,-0.007999999999999991,0.5429235642735043,1.0,0.5429235642735043
A-A2,R1,Capryol_90,Tween_20,Ethanol,A190,8.0625,40.0,8.125,1.98,9.602,0.106333333,-3.553333333,0,117.3933333,3.59e-05,0.0,0.007037036666666663,0.0,0.5151282038461537,-0.15899999999999997,0.5673304810256408,1.0,0.5673304810256408
F-B1,R2,Capryol_90,Tween_20,Transcutol_HP,Feno,8.94,27.55,13.88,2.3,12.74666667,0.355666667,-2.5,0,96.62333333,2.08e-05,0.0,0.2840740744444444,0.0,0.025974359000000044,-0.007999999999999991,0.5960968668888889,1.0,0.5960968668888889
F5_F,3,Capryol_90,Tween_20,PEG_400,Feno,10.0,20.0,20.0,2.0,13.01666667,0.198,-3.073333333,0,102.8669012,1.76e-05,0.0,0.1088888888888889,0.0,0.02205308615384616,0.12000000000000002,0.6218839500854703,1.0,0.6218839500854703
F-A3,R2,Capryol_90,Tween_20,PEG_400,Feno,8.0625,20.0,11.75,2.31,11.36,0.155333333,-4.053333333,0,97.74666667,1.67e-05,0.0,0.06148148111111109,0.0,0.017333333307692336,0.1650000000000001,0.6526296288376071,1.0,0.6526296288376071
E2_F,2,Capryol_90,Tween_20,Transcutol_HP,Feno,8.325,18.5,21.5,2.025,13.16,0.229666667,-4.216666667,0,100.8299316,1.75e-05,0.0,0.14407407444444442,0.0,0.006384089230769191,0.12500000000000014,0.6759163273504276,1.0,0.6759163273504276
A-C3,R2,Maisine_Oil,Tween_20,Ethanol,A190,5.0,23.95,14.5,2.6,13.75,0.178,-3.71,0,113.95,2.71e-05,0.0,0.08666666666666666,0.0,0.3826923076923078,-0.071,0.7257179487179489,1.0,0.7257179487179489
A-C3,R1,Maisine_Oil,Tween_20,Ethanol,A190,5.0,23.95,14.5,2.6,13.58333333,0.166333333,-2.736666667,0,116.8966667,3.17e-05,0.0,0.07370370333333333,0.0,0.4960256423076922,-0.11699999999999997,0.7884586912820511,1.0,0.7884586912820511
F-B3,R2,Capryol_90,Tween_20,Transcutol_HP,Feno,8.68,28.75,14.0,2.5,12.18,0.309,-2.423333333,0,97.07333333,1.81e-05,0.0,0.23222222222222222,0.0,0.022512820538461563,0.0950000000000001,0.7944700855213678,1.0,0.7944700855213678
F-B5,R2,Capmul_MCM,Tween_80,PEG_400,Feno,5.0,40.0,15.5,1.6,11.25333333,0.063,-4.423333333,0,93.07666667,1.6e-05,0.0,-0.008222222222222223,0.0,0.11243589730769252,0.2000000000000001,0.8084273501709409,1.0,0.8084273501709409
F-C5,R1,Capmul_MCM,Tween_80,Transcutol_HP,Feno,5.35,20.2,10.0,0.1,11.74,0.140666667,-4.296666667,0,95.58,1.55e-05,0.0,0.04518518555555554,0.0,0.034000000000000016,0.22500000000000003,0.8333703711111111,1.0,0.8333703711111111
F-B5,R3,Capmul_MCM,Tween_80,PEG_400,Feno,5.0,40.0,15.5,1.6,11.07666667,0.060666667,-4.083333333,0,93.19,1.57e-05,0.0,-0.008740740666666668,0.0,0.10807692307692317,0.21500000000000014,0.8436723648205134,1.0,0.8436723648205134
A-A1,R2,Capryol_90,Tween_20,Transcutol_HP,A190,8.325,20.0,19.375,1.98,14.58666667,0.351666667,-3.313333333,0,94.49,1.87e-05,0.0,0.27962962999999996,0.0,0.058076923076923276,0.06500000000000004,0.8704131061538465,1.0,0.8704131061538465
E2_F,1,Capryol_90,Tween_20,Transcutol_HP,Feno,8.325,18.5,21.5,2.025,12.18333333,0.179333333,-3.433333333,0,92.74333333,1.69e-05,0.0,0.08814814777777778,0.0,0.12525641038461544,0.15500000000000003,0.8918091163247865,1.0,0.8918091163247865
A-A5,R1,Maisine_Oil,Tween_20,Transcutol_HP,A190,5.35,24.25,15.625,2.025,13.77333333,0.17,-3.23,0,108.3933333,1.71e-05,0.0,0.07777777777777778,0.0,0.16897435769230748,0.14500000000000013,0.928504270940171,1.0,0.928504270940171
A-A1,R1,Capryol_90,Tween_20,Transcutol_HP,A190,8.325,20.0,19.375,1.98,19.26333333,0.289333333,-3.183333333,0,97.41,1.66e-05,0.0,0.21037037000000003,0.0,0.01992307692307695,0.17000000000000004,0.9705868938461542,1.0,0.9705868938461542
A-C3,R3,Maisine_Oil,Tween_20,Ethanol,A190,5.0,23.95,14.5,2.6,13.05333333,0.165333333,-3.573333333,0,116.2666667,2.35e-05,0.0,0.07259259222222221,0.0,0.47179487307692314,-0.03499999999999997,0.9837749305982909,1.0,0.9837749305982909
F-B3,R1,Capryol_90,Tween_20,Transcutol_HP,Feno,8.68,28.75,14.0,2.5,13.32333333,0.392,-2.773333333,0,102.1766667,1.77e-05,0.0,0.3244444444444445,0.0,0.01674358999999999,0.11500000000000007,1.027376068888889,1.0,1.027376068888889
B4_A,2,Capryol_90,Tween_20,Ethanol,A190,8.25,17.0,23.0,1.65,20.52333333,0.37,-3.633333333,0,106.5221803,1.84e-05,0.0,0.3,0.0,0.0970069346153847,0.08000000000000007,1.0340138692307697,1.0,1.0340138692307697
A-A1,R3,Capryol_90,Tween_20,Transcutol_HP,A190,8.325,20.0,19.375,1.98,37.08,0.549,-2.626666667,0,92.45333333,2.74e-05,0.0,0.49888888888888894,0.0,0.13641025653846128,-0.07399999999999997,1.0485982908547005,1.0,1.0485982908547005
F-A2,R1,Capryol_90,Tween_20,Transcutol_HP,Feno,8.325,20.0,19.375,2.25,21.58333333,0.701666667,-3.346666667,0,109.1566667,4.23e-05,0.0,0.6685185188888889,0.0,0.19833333461538472,-0.22299999999999995,1.0647037070085474,1.0,1.0647037070085474
A-A2,R2,Capryol_90,Tween_20,Ethanol,A190,8.0625,40.0,8.125,1.98,10.65333333,0.226666667,-2.986666667,0,85.43666667,2.05e-05,0.0,0.1407407411111111,0.0,0.4062820511538464,-0.004999999999999985,1.0790455845299152,1.0,1.0790455845299152
F-B5,R1,Capmul_MCM,Tween_80,PEG_400,Feno,5.0,40.0,15.5,1.6,11.19333333,0.067666667,-4.313333333,0,101.2433333,1.28e-05,0.0,-0.007185185111111113,0.0,0.009564102307692333,0.3600000000000001,1.0847578343931628,1.0,1.0847578343931628
F-B1,R3,Capryol_90,Tween_20,Transcutol_HP,Feno,8.94,27.55,13.88,2.3,13.03666667,0.345333333,-2.733333333,0,101.9366667,1.66e-05,0.0,0.2725925922222222,0.0,0.01489743615384618,0.17000000000000004,1.084980056752137,1.0,1.084980056752137
A-A3,R2,Capryol_90,Tween_20,Propylene_Glycol,A190,8.0625,24.25,15.0,1.995,14.23666667,0.317333333,-3.26,0,113.18,2.16e-05,0.0,0.2414814811111111,0.0,0.3530769230769233,-0.015999999999999983,1.1411168083760688,1.0,1.1411168083760688
F-C5,R2,Capmul_MCM,Tween_80,Transcutol_HP,Feno,5.35,20.2,10.0,0.1,11.91,0.107333333,-4.383333333,0,86.19,1.7e-05,0.0,0.008148147777777774,0.0,0.37730769230769234,0.15000000000000008,1.2209116801709405,1.0,1.2209116801709405
F-C1,R3,Capmul_MCM,Tween_20,Propylene_Glycol,Feno,5.26,20.2,5.12,0.1,13.11,0.232,-2.816666667,0,93.99666667,1.44e-05,0.0,0.14666666666666667,0.0,0.07705128192307707,0.2800000000000001,1.287435897179488,1.0,1.287435897179488
F-B2,R3,Capmul_MCM,Tween_20,PEG_400,Feno,8.06,27.25,5.5,1.7,15.25333333,0.236666667,-4.693333333,0,114.4033333,1.85e-05,0.0,0.15185185222222222,0.0,0.4001282038461539,0.07500000000000012,1.3289601121367525,1.0,1.3289601121367525
E2_F,3,Capryol_90,Tween_20,Transcutol_HP,Feno,8.325,18.5,21.5,2.025,11.81666667,0.259,-3.386666667,0,100.9490996,1.35e-05,0.0,0.17666666666666667,0.0,0.007300766153846129,0.32500000000000007,1.3429348656410258,1.0,1.3429348656410258
A-B3,R1,Capryol_90,Tween_20,Transcutol_HP,A190,5.79,21.25,19.38,2.3,15.8,0.526666667,-3.106666667,0,108.07,1.94e-05,0.0,0.47407407444444444,0.0,0.1565384615384613,0.030000000000000047,1.3512250719658117,1.0,1.3512250719658117
B4_A,1,Capryol_90,Tween_20,Ethanol,A190,8.25,17.0,23.0,1.65,25.79666667,0.297666667,-3.636666667,0,110.7866667,1.74e-05,0.0,0.21962963,0.0,0.2610256423076922,0.1300000000000001,1.3513105446153846,1.0,1.3513105446153846
F-A5,R3,Capryol_90,Tween_20,Propylene_Glycol,Feno,8.0625,20.0,15.0,2.37,11.59333333,0.164666667,-3.476666667,0,98.70666667,1.18e-05,0.0,0.0718518522222222,0.0,0.00994871792307689,0.41000000000000003,1.3936011402905981,1.0,1.3936011402905981
F-C5,R3,Capmul_MCM,Tween_80,Transcutol_HP,Feno,5.35,20.2,10.0,0.1,12.0,0.120666667,-2.896666667,0,89.90333333,1.41e-05,0.0,0.022962963333333333,0.0,0.2344871796153848,0.29500000000000004,1.3999002858974363,1.0,1.3999002858974363
F-A5,R1,Capryol_90,Tween_20,Propylene_Glycol,Feno,8.0625,20.0,15.0,2.37,10.98,0.21,-3.896666667,0,99.29666667,1.2e-05,0.0,0.1222222222222222,0.0,0.005410256384615435,0.4,1.4552649572136755,1.0,1.4552649572136755
A-B5,R2,Maisine_Oil,Tween_20,Transcutol_HP,A190,5.26,23.05,15.88,2.5,15.28666667,0.243666667,-3.22,0,110.81,1.58e-05,0.0,0.15962963,0.0,0.26192307692307704,0.21,1.4731054138461541,1.0,1.4731054138461541
A-A5,R2,Maisine_Oil,Tween_20,Transcutol_HP,A190,5.35,24.25,15.625,2.025,13.34333333,0.084666667,-3.213333333,0,106.3066667,1.12e-05,0.0,-0.0034074073333333343,0.0,0.08871794999999977,0.44000000000000006,1.4906210853333333,1.0,1.4906210853333333
A-C2,R1,Maisine_Oil,Tween_20,Ethanol,A190,5.18,24.25,14.88,2.5,25.01666667,0.732,-3.55,0,106.9966667,2.35e-05,0.0,0.7022222222222222,0.0,0.11525641153846176,-0.03499999999999997,1.529957267521368,1.0,1.529957267521368
F-C1,R2,Capmul_MCM,Tween_20,Propylene_Glycol,Feno,5.26,20.2,5.12,0.1,14.60666667,0.237666667,-2.936666667,0,96.71,1.19e-05,0.0,0.1529629633333333,0.0,0.025307692307692357,0.4050000000000001,1.5715413112820515,1.0,1.5715413112820515
F-A5,R2,Capryol_90,Tween_20,Propylene_Glycol,Feno,8.0625,20.0,15.0,2.37,11.06333333,0.208,-3.106666667,0,102.0666667,1.13e-05,0.0,0.11999999999999998,0.0,0.015897436153846145,0.43500000000000005,1.5767948723076923,1.0,1.5767948723076923
A-B3,R2,Capryol_90,Tween_20,Transcutol_HP,A190,5.79,21.25,19.38,2.3,21.46666667,0.59,-2.143333333,0,110.9533333,2e-05,0.0,0.5444444444444444,0.0,0.26743589615384605,0.0,1.6237606811965808,1.0,1.6237606811965808
F-C3,R1,Capmul_MCM,Tween_80,Propylene_Glycol,Feno,5.18,20.8,5.25,0.1,11.50333333,0.170333333,-5.39,0,92.59666667,1.19e-05,0.0,0.07814814777777777,0.0,0.13089743576923057,0.4050000000000001,1.6330911670940171,1.0,1.6330911670940171
A-B3,R3,Capryol_90,Tween_20,Transcutol_HP,A190,5.79,21.25,19.38,2.3,22.43333333,0.558666667,-3.456666667,0,108.19,1.78e-05,0.0,0.5096296300000001,0.0,0.16115384615384606,0.11000000000000013,1.6715669523076926,1.0,1.6715669523076926
A-A4,R3,Capryol_90,Tween_80,Transcutol_HP,A190,7.1875,20.0,19.375,2.025,100.3466667,0.377333333,-2.406666667,0,102.3933333,1.3e-05,0.00038518522222222236,0.3081481477777777,0.0,0.018410256153846113,0.3500000000000001,1.7042723635299146,1.0,1.7042723635299146
F-B3,R3,Capryol_90,Tween_20,Transcutol_HP,Feno,8.68,28.75,14.0,2.5,16.26,0.273666667,-4.11,0,85.55,1.55e-05,0.0,0.1929629633333333,0.0,0.40192307692307705,0.22500000000000003,1.8647720805128207,1.0,1.8647720805128207
F-C2,R1,Capmul_MCM,Tween_20,Transcutol_HP,Feno,5.18,20.05,10.12,0.1,13.71,0.334,-3.1,0,95.38,1.12e-05,0.0,0.26,0.0,0.035538461538461574,0.44000000000000006,1.9110769230769233,1.0,1.9110769230769233
F5_F,1,Capryol_90,Tween_20,PEG_400,Feno,10.0,20.0,20.0,2.0,193.9,0.489,-3.116666667,0,100.2566667,1.51e-05,0.10433333333333333,0.43222222222222223,0.0,0.001974359230769205,0.24500000000000008,1.9163931629059832,1.0,1.9163931629059832
A-A4,R2,Capryol_90,Tween_80,Transcutol_HP,A190,7.1875,20.0,19.375,2.025,82.35333333,0.497333333,-2.866666667,0,98.93333333,1.32e-05,0.0,0.4414814811111111,0.0,0.008205128230769259,0.34,1.9193732186837607,1.0,1.9193732186837607
F-A1,R3,Capryol_90,Tween_20,Ethanol,Feno,8.0625,20.0,15.0,2.295,12.51,0.157666667,-3.096666667,0,96.76666667,8.18e-06,0.0,0.06407407444444445,0.0,0.024871794846153795,0.5910000000000001,1.9508917385811966,1.0,1.9508917385811966
F-B4,R1,Capryol_90,Tween_80,Propylene_Glycol,Feno,7.19,27.4,13.5,1.7,145.4666667,0.327333333,-2.676666667,0,101.4133333,1.14e-05,0.050518518555555544,0.2525925922222222,0.0,0.010871794615384654,0.4300000000000001,1.9684843293418806,1.0,1.9684843293418806
A-A3,R3,Capryol_90,Tween_20,Propylene_Glycol,A190,8.0625,24.25,15.0,1.995,17.4,0.533333333,-2.633333333,0,118.5933333,2.36e-05,0.0,0.4814814811111111,0.0,0.5612820499999999,-0.03599999999999999,1.977527062222222,1.0,1.977527062222222
F-B2,R1,Capmul_MCM,Tween_20,PEG_400,Feno,8.06,27.25,5.5,1.7,11.90666667,0.202333333,-3.97,0,111.61,1.21e-05,0.0,0.11370370333333332,0.0,0.2926923076923077,0.3950000000000001,1.9977920220512824,1.0,1.9977920220512824
A-C2,R3,Maisine_Oil,Tween_20,Ethanol,A190,5.18,24.25,14.88,2.5,23.37,0.65,-3.24,0,117.4166667,2.3e-05,0.0,0.6111111111111112,0.0,0.5160256423076921,-0.02999999999999998,2.1642735068376067,1.0,2.1642735068376067
B4_F,3,Capryol_90,Tween_20,Ethanol,Feno,8.25,17.0,23.0,1.65,247.6666667,0.410333333,-2.72,0,99.83749181,1.34e-05,0.1640740741111111,0.34481481444444445,0.0,0.0012500629999999764,0.33,2.174351977222222,1.0,2.174351977222222
F-B4,R2,Capryol_90,Tween_80,Propylene_Glycol,Feno,7.19,27.4,13.5,1.7,156.4333333,0.359333333,-2.29,0,103.4233333,1.07e-05,0.06270370366666665,0.2881481477777777,0.0,0.026333333076923045,0.4650000000000001,2.2120740727094015,1.0,2.2120740727094015
A-C2,R2,Maisine_Oil,Tween_20,Ethanol,A190,5.18,24.25,14.88,2.5,29.75,0.823333333,-3.7,0,114.8233333,2.67e-05,0.0,0.8037037033333333,0.0,0.41628205000000007,-0.06699999999999996,2.2389715066666667,1.0,2.2389715066666667
A-B1,R1,Capmul_MCM,Tween_80,Transcutol_HP,A190,7.62,25.45,15.0,2.0,63.28333333,0.645,-3.463333333,0,107.9233333,1.49e-05,0.0,0.6055555555555556,0.0,0.15089743461538446,0.25500000000000006,2.27790598034188,1.0,2.27790598034188
F-A1,R2,Capryol_90,Tween_20,Ethanol,Feno,8.0625,20.0,15.0,2.295,11.43666667,0.226333333,-1.653333333,0,98.66333333,6.64e-06,0.0,0.14037037,0.0,0.010282051307692304,0.668,2.3053048426153846,1.0,2.3053048426153846
A-B1,R2,Capmul_MCM,Tween_80,Transcutol_HP,A190,7.62,25.45,15.0,2.0,64.76333333,0.633666667,-2.57,0,107.85,1.44e-05,0.0,0.5929629633333333,0.0,0.14807692307692286,0.2800000000000001,2.322079772820513,1.0,2.322079772820513
B4_F,1,Capryol_90,Tween_20,Ethanol,Feno,8.25,17.0,23.0,1.65,171.5666667,0.296666667,-2.536666667,0,101.0233333,9.02e-06,0.07951851855555557,0.21851851888888887,0.0,0.00787179461538465,0.549,2.338336182675214,1.0,2.338336182675214
F-C2,R3,Capmul_MCM,Tween_20,Transcutol_HP,Feno,5.18,20.05,10.12,0.1,13.95666667,0.344333333,-3.86,0,87.43,1.23e-05,0.0,0.27148148111111114,0.0,0.3296153846153843,0.385,2.357193731452991,1.0,2.357193731452991
F-A1,R1,Capryol_90,Tween_20,Ethanol,Feno,8.0625,20.0,15.0,2.295,11.29666667,0.170333333,-2.833333333,0,94.75333333,5.3e-06,0.0,0.07814814777777777,0.0,0.047948718076922935,0.735,2.4571937317094017,1.0,2.4571937317094017
F-B2,R2,Capmul_MCM,Tween_20,PEG_400,Feno,8.06,27.25,5.5,1.7,11.24,0.146666667,-2.563333333,0,115.94,1.03e-05,0.0,0.05185185222222222,0.0,0.4592307692307691,0.48500000000000004,2.4771652429059827,1.0,2.4771652429059827
B4_F,2,Capryol_90,Tween_20,Ethanol,Feno,8.25,17.0,23.0,1.65,216.5,0.373666667,-3.443333333,0,96.54973078,1.03e-05,0.12944444444444445,0.3040740744444444,0.0,0.026540532461538428,0.48500000000000004,2.504562547145299,1.0,2.504562547145299
A-A3,R1,Capryol_90,Tween_20,Propylene_Glycol,A190,8.0625,24.25,15.0,1.995,23.68666667,0.416666667,-3.223333333,0,124.9833333,1.85e-05,0.0,0.3518518522222222,0.0,0.8070512807692307,0.07500000000000012,2.5428062659829065,1.0,2.5428062659829065
F-A3,R3,Capryol_90,Tween_20,PEG_400,Feno,8.0625,20.0,11.75,2.31,11.52333333,0.182666667,-3.2,0,113.0166667,8.76e-06,0.0,0.09185185222222222,0.0,0.34679487307692314,0.5619999999999999,2.563293450598291,1.0,2.563293450598291
F-A2,R3,Capryol_90,Tween_20,Transcutol_HP,Feno,8.325,20.0,19.375,2.25,21.71,0.721,-2.91,0,86.23333333,1.7e-05,0.0,0.69,0.0,0.375641025769231,0.15000000000000008,2.5812820515384622,1.0,2.5812820515384622
F-C2,R2,Capmul_MCM,Tween_20,Transcutol_HP,Feno,5.18,20.05,10.12,0.1,18.24,0.573666667,-2.836666667,0,98.11333333,9.98e-06,0.0,0.5262962966666667,0.0,0.014512820538461514,0.5010000000000001,2.5846182344102564,1.0,2.5846182344102564
F-B4,R3,Capryol_90,Tween_80,Propylene_Glycol,Feno,7.19,27.4,13.5,1.7,106.5,0.569,-3.453333333,0,95.13,9.93e-06,0.007222222222222222,0.5211111111111111,0.0,0.0374615384615385,0.5035000000000001,2.6493119658119664,1.0,2.6493119658119664
F-A4,R2,Capryol_90,Tween_80,Transcutol_HP,Feno,7.1875,20.0,15.625,2.4,117.1,0.325666667,-3.326666667,0,92.38333333,7.29e-06,0.018999999999999993,0.2507407411111111,0.0,0.13910256423076928,0.6355000000000001,2.743186610683761,1.0,2.743186610683761
F-A2,R2,Capryol_90,Tween_20,Transcutol_HP,Feno,8.325,20.0,19.375,2.25,14.80333333,0.468666667,-2.853333333,0,88.96,1.03e-05,0.0,0.4096296299999999,0.0,0.270769230769231,0.48500000000000004,2.8157977215384618,1.0,2.8157977215384618
F-A4,R1,Capryol_90,Tween_80,Transcutol_HP,Feno,7.1875,20.0,15.625,2.4,103.7766667,0.423666667,-2.743333333,0,98.36666667,6.25e-06,0.004196296333333341,0.35962963000000003,0.0,0.012564102538461533,0.6875,2.819476354076923,1.0,2.819476354076923
A-B1,R3,Capmul_MCM,Tween_80,Transcutol_HP,A190,7.62,25.45,15.0,2.0,52.91333333,0.678333333,-2.536666667,0,110.9,1.29e-05,0.0,0.6425925922222222,0.0,0.2653846153846156,0.35500000000000004,2.880954415213676,1.0,2.880954415213676
F-A4,R3,Capryol_90,Tween_80,Transcutol_HP,Feno,7.1875,20.0,15.625,2.4,119.5666667,0.390333333,-2.183333333,0,87.78333333,6.56e-06,0.021740740777777778,0.3225925922222222,0.0,0.316025641153846,0.672,3.3584586890854697,1.0,3.3584586890854697
F-A3,R1,Capryol_90,Tween_20,PEG_400,Feno,8.0625,20.0,11.75,2.31,11.45666667,0.163666667,-4.226666667,0,76.66333333,4.37e-06,0.0,0.07074074111111109,0.0,0.7437179488461538,0.7815,3.9734173799145296,1.0,3.9734173799145296
A-A4,R1,Capryol_90,Tween_80,Transcutol_HP,A190,7.1875,20.0,19.375,2.025,78.64333333,0.462333333,-2.686666667,0,126.63,9.51e-06,0.0,0.40259259222222227,0.0,0.8703846153846152,0.5245,4.119454415213675,1.0,4.119454415213675
A-C4,R3,Maisine_Oil,Tween_20,Propylene_Glycol,A190,5.0,21.1,14.5,2.6,10000.0,1.0,100.0,1,0.0,0.0,11.0,1.0,9.0,3.692307692307692,1.0,54.38461538461539,0.0,5438.461538461539
A-C1,R2,Maisine_Oil,Tween_20,Propylene_Glycol,A190,5.26,20.95,14.88,2.6,10000.0,1.0,100.0,1,0.0,0.0,11.0,1.0,9.0,3.692307692307692,1.0,54.38461538461539,0.0,5438.461538461539
A-B2,R3,Capryol_90,Tween_20,Propylene_Glycol,A190,14.98,20.0,14.38,2.1,10000.0,1.0,100.0,1,0.0,0.0,11.0,1.0,9.0,3.692307692307692,1.0,54.38461538461539,0.0,5438.461538461539
A-C1,R1,Maisine_Oil,Tween_20,Propylene_Glycol,A190,5.26,20.95,14.88,2.6,10000.0,1.0,100.0,1,0.0,0.0,11.0,1.0,9.0,3.692307692307692,1.0,54.38461538461539,0.0,5438.461538461539
A-C4,R1,Maisine_Oil,Tween_20,Propylene_Glycol,A190,5.0,21.1,14.5,2.6,10000.0,1.0,100.0,1,0.0,0.0,11.0,1.0,9.0,3.692307692307692,1.0,54.38461538461539,0.0,5438.461538461539
A-C1,R3,Maisine_Oil,Tween_20,Propylene_Glycol,A190,5.26,20.95,14.88,2.6,10000.0,1.0,100.0,1,0.0,0.0,11.0,1.0,9.0,3.692307692307692,1.0,54.38461538461539,0.0,5438.461538461539
A-C4,R2,Maisine_Oil,Tween_20,Propylene_Glycol,A190,5.0,21.1,14.5,2.6,10000.0,1.0,100.0,1,0.0,0.0,11.0,1.0,9.0,3.692307692307692,1.0,54.38461538461539,0.0,5438.461538461539
A-B2,R2,Capryol_90,Tween_20,Propylene_Glycol,A190,14.98,20.0,14.38,2.1,10000.0,1.0,100.0,1,0.0,0.0,11.0,1.0,9.0,3.692307692307692,1.0,54.38461538461539,0.0,5438.461538461539
A-B2,R1,Capryol_90,Tween_20,Propylene_Glycol,A190,14.98,20.0,14.38,2.1,10000.0,1.0,100.0,1,0.0,0.0,11.0,1.0,9.0,3.692307692307692,1.0,54.38461538461539,0.0,5438.461538461539
F-C4,R3,Capmul_MCM,Tween_80,PEG_400,Feno,5.44,20.05,5.62,0.0,10000.0,1.0,100.0,1,0.0,0.0,11.0,1.0,9.0,3.692307692307692,1.0,54.38461538461539,0.0,5438.461538461539
F-C4,R1,Capmul_MCM,Tween_80,PEG_400,Feno,5.44,20.05,5.62,0.0,10000.0,1.0,100.0,1,0.0,0.0,11.0,1.0,9.0,3.692307692307692,1.0,54.38461538461539,0.0,5438.461538461539
F-C4,R2,Capmul_MCM,Tween_80,PEG_400,Feno,5.44,20.05,5.62,0.0,10000.0,1.0,100.0,1,0.0,0.0,11.0,1.0,9.0,3.692307692307692,1.0,54.38461538461539,0.0,5438.461538461539
