Exp,n_reps,Oil,Surfactant,Cosurfactant,API_Name,Oil_V,Surfactant_V,Cosurfactant_V,Sonication,Droplet_Size,PDI,Zeta_P,Phase_Sep,Drug_Loading,Permeability,size_score (w=3),pdi_score  (w=2),zeta_score (w=1),dl_score   (w=2),perm_score (w=3),formulation_loss,stability_factor,objective
B4,3,Capryol_90,Tween_20,Ethanol,blank,8.25,17.0,23.0,1.6499999999999997,11.69,0.16977777766666668,-3.401111111,0.0,,,0.0,0.07753086407407409,0.0,0.0,0.0,0.15506172814814817,1.0,0.15506172814814817
D3,3,Capryol_90,Tween_80,Tween_80,blank,7.875,10.5,29.5,0.8249999999999998,15.280000000000001,0.18566666666666665,-2.23,0.0,,,0.0,0.09518518518518515,0.0,0.0,0.0,0.1903703703703703,1.0,0.1903703703703703
E2_A,3,Capryol_90,Tween_20,Transcutol_HP,A190,8.325,18.5,21.5,2.025,86.69555556666666,0.219888889,-3.4066666669999996,0.0,101.17059635666665,2.1633333333333335e-05,0.0,0.13320987666666667,0.0,0.009004587358974228,-0.016333333333333335,0.2354289280512818,1.0,0.2354289280512818
E2,3,Capryol_90,Tween_20,Transcutol_HP,blank,8.325,18.5,21.5,2.025,12.406666666666666,0.21599999999999997,-4.876666666666666,0.0,,,0.0,0.12888888888888886,0.0,0.0,0.0,0.2577777777777777,1.0,0.2577777777777777
F5_A,3,Capryol_90,Tween_20,PEG_400,A190,10.0,20.0,20.0,2.0,157.82222223333335,0.260777778,-2.657777777666667,0.0,103.72026620000001,2.883333333333333e-05,0.06424691359259262,0.17864197555555555,0.0,0.028617432307692398,-0.08833333333333329,0.34225955650427387,1.0,0.34225955650427387
Misc42,3,Capryol_90,Tween_80,Transcutol_HP,blank,7.5,20.0,20.0,1.0,96.65666667,0.31988888866666665,-2.716666666666667,0.0,,,0.0,0.24432098740740738,0.0,0.0,0.0,0.48864197481481475,1.0,0.48864197481481475
Misc43,3,Capryol_90,Tween_80,Transcutol_HP,blank,7.5,20.0,20.0,2.0,95.88666666666667,0.3235555553333333,-2.0277777780000004,0.0,,,0.0,0.24839506148148144,0.0,0.0,0.0,0.4967901229629629,1.0,0.4967901229629629
Ran5,3,Capryol_90,Tween_20,PEG_400,blank,10.0,20.0,20.0,2.0,148.14444443333332,0.2692222223333333,-3.005555555666666,0.0,,,0.05349382714814813,0.18802469148148146,0.0,0.0,0.0,0.5365308644074074,1.0,0.5365308644074074
A2,3,Capryol_90,Tween_80,Propylene_Glycol,blank,7.875,21.600000000000005,18.4,1.6499999999999997,122.7888889,0.31,-2.3555555556666667,0.0,,,0.02532098766666667,0.2333333333333333,0.0,0.0,0.0,0.5426296296666666,1.0,0.5426296296666666
Misc18,3,Capryol_90,Tween_80,Transcutol_HP,blank,7.5,20.0,20.0,2.5,125.18888886666666,0.3064444446666667,-2.2100000000000004,0.0,,,0.027987654296296287,0.22938271629629634,0.0,0.0,0.0,0.5427283954814816,1.0,0.5427283954814816
D5,3,Maisine_Oil,Tween_80,Propylene_Glycol,blank,7.5,12.5,27.5,1.7250000000000003,132.21,0.296,-3.0733333333333337,0.0,,,0.0357888888888889,0.21777777777777774,0.0,0.0,0.0,0.5429222222222222,1.0,0.5429222222222222
E5,3,Capmul_MCM,Tween_80,Transcutol_HP,blank,7.875,16.5,23.5,2.9249999999999994,114.57666666666667,0.328,-3.623333333333333,0.0,,,0.0161962962962963,0.25333333333333335,0.0,0.0,0.0,0.5552555555555556,1.0,0.5552555555555556
A5,3,Capryol_90,Tween_80,Propylene_Glycol,blank,7.875,21.600000000000005,18.4,2.25,117.38888889999998,0.349,-3.106666666666667,0.0,,,0.019320987666666647,0.2766666666666666,0.0,0.0,0.0,0.6112962963333332,1.0,0.6112962963333332
Misc44,3,Capryol_90,Tween_80,Transcutol_HP,blank,7.5,20.0,20.0,3.0,99.41444444666666,0.38511111133333337,-2.0255555556666667,0.0,,,0.0,0.3167901237037037,0.0,0.0,0.0,0.6335802474074074,1.0,0.6335802474074074
A1,3,Capryol_90,Tween_80,Propylene_Glycol,blank,7.875,21.600000000000005,18.4,1.515,134.20000000000002,0.3353333333333333,-2.432222222,0.0,,,0.03800000000000002,0.2614814814814814,0.0,0.0,0.0,0.636962962962963,1.0,0.636962962962963
Ran6,3,Capryol_90,Tween_80,Ethanol,blank,13.3333333,30.0,10.0,0.0,171.11111110000002,0.2978888886666667,-2.2666666666666666,0.0,,,0.07901234566666669,0.21987654296296297,0.0,0.0,0.0,0.676790122925926,1.0,0.676790122925926
Ran7,3,Capryol_90,Tween_20,Propylene_Glycol,blank,11.6666667,13.300000000000002,26.7,0.5,150.7888889,0.32888888866666666,-3.8066666666666666,0.0,,,0.056432098777777766,0.2543209874074074,0.0,0.0,0.0,0.6779382711481481,1.0,0.6779382711481481
Misc15,3,Capryol_90,Tween_80,Transcutol_HP,blank,7.5,20.0,20.0,1.5,108.92222223333333,0.4052222223333333,-2.1022222223333333,0.0,,,0.009913580259259255,0.3391358025925925,0.0,0.0,0.0,0.7080123459629628,1.0,0.7080123459629628
B3,3,Capryol_90,Tween_80,Tween_80,blank,8.025,11.0,29.0,2.55,20.91333333333333,0.4252222223333333,-2.7111111109999997,0.0,,,0.0,0.36135802481481477,0.0,0.0,0.0,0.7227160496296295,1.0,0.7227160496296295
Ran9,3,Capmul_MCM,Tween_80,Transcutol_HP,blank,10.0,13.300000000000002,26.7,3.0,227.45555553333335,0.23833333333333337,-2.541111111333333,0.0,,,0.14161728392592596,0.15370370370370373,0.0,0.0,0.0,0.7322592591851853,1.0,0.7322592591851853
Misc41,3,Capryol_90,Tween_80,Transcutol_HP,blank,7.5,20.0,20.0,0.5,91.86444444333334,0.441,-2.442222222333333,0.0,,,0.0,0.37888888888888883,0.0,0.0,0.0,0.7577777777777777,1.0,0.7577777777777777
C4,3,Capryol_90,Tween_80,Transcutol_HP,blank,7.875,20.5,19.5,2.775,93.95444444666667,0.44233333299999994,-2.06,0.0,,,0.0,0.3803703699999999,0.0,0.0,0.0,0.7607407399999998,1.0,0.7607407399999998
Misc12,3,Capryol_90,Tween_80,Transcutol_HP,blank,7.5,20.0,20.0,0.0,106.59111111,0.44855555566666666,-2.3266666663333333,0.0,,,0.007323456788888889,0.3872839507407407,0.0,0.0,0.0,0.7965382718481481,1.0,0.7965382718481481
F5_F,3,Capryol_90,Tween_20,PEG_400,Feno,10.0,20.0,20.0,2.0,73.21333333333334,0.2845555556666666,-3.468888889,0.0,102.41498309999999,1.756666666666667e-05,0.0,0.20506172851851845,0.0,0.018576793076922973,0.12166666666666662,0.8122770431908828,1.0,0.8122770431908828
B4_A,3,Capryol_90,Tween_20,Ethanol,A190,8.25,17.0,23.0,1.6499999999999997,24.178888889999996,0.3353333333333333,-3.8200000000000003,0.0,106.57765093333335,1.886666666666667e-05,0.0,0.2614814814814814,0.0,0.09914042051282096,0.056666666666666574,0.8912438039886045,1.0,0.8912438039886045
E2_F,3,Capryol_90,Tween_20,Transcutol_HP,Feno,8.325,18.5,21.5,2.025,12.386666666666665,0.22266666666666668,-3.678888889,0.0,98.17412151,1.5966666666666667e-05,0.0,0.1362962962962963,0.0,0.014045219153846105,0.2016666666666667,0.9056830309002849,1.0,0.9056830309002849
E4,3,Capryol_90,Tween_80,Propylene_Glycol,blank,7.875,22.3,17.7,1.875,93.98666666666668,0.5126666666666666,-2.516666666666667,0.0,,,0.0,0.45851851851851844,0.0,0.0,0.0,0.9170370370370369,1.0,0.9170370370370369
D4,3,Capryol_90,Tween_80,Transcutol_HP,blank,7.575,20.2,19.8,0.975,67.36,0.5343333333333334,-2.41,0.0,,,0.0,0.48259259259259274,0.0,0.0,0.0,0.9651851851851855,1.0,0.9651851851851855
C2,3,Capryol_90,Tween_80,Transcutol_HP,blank,7.8,21.5,18.5,2.9249999999999994,79.65888889,0.541666667,-1.577777778,0.0,,,0.0,0.4907407411111111,0.0,0.0,0.0,0.9814814822222222,1.0,0.9814814822222222
C5,3,Capmul_MCM,Tween_20,Transcutol_HP,blank,7.875,10.5,29.5,2.67,135.54444443333333,0.48966666666666664,-3.5344444443333334,0.0,,,0.03949382714814814,0.4329629629629629,0.0,0.0,0.0,0.9844074073703701,1.0,0.9844074073703701
Ran3,3,Capmul_MCM,Tween_80,Propylene_Glycol,blank,10.0,10.0,30.0,2.0,273.1333333333334,0.2887777776666666,-2.7044444446666667,0.0,,,0.1923703703703704,0.20975308629629624,0.0,0.0,0.0,0.9966172837037037,1.0,0.9966172837037037
D2,3,Capryol_90,Tween_80,Transcutol_HP,blank,7.5,20.2,19.8,0.975,83.29,0.557,-2.1799999999999997,0.0,,,0.0,0.5077777777777779,0.0,0.0,0.0,1.0155555555555558,1.0,1.0155555555555558
A4,3,Capryol_90,Tween_80,Transcutol_HP,blank,7.5,21.0,19.0,2.85,76.53111111333334,0.5823333333333333,-2.4133333333333336,0.0,,,0.0,0.5359259259259258,0.0,0.0,0.0,1.0718518518518516,1.0,1.0718518518518516
DoE1,3,Oleic_Acid,Tween_80,PEG_400,A190,7.5,10.0,30.0,1.5,223.29999999999998,0.39966666666666667,-4.614444444666666,0.0,,,0.13699999999999998,0.3329629629629629,0.0,0.0,0.0,1.0769259259259258,1.0,1.0769259259259258
DoE4,3,Oleic_Acid,Tween_80,PEG_400,A190,7.5,30.0,10.0,1.5,309.47777776666663,0.37766666666666665,-5.634444444666667,0.0,,,0.23275308640740738,0.30851851851851847,0.0,0.0,0.0,1.315296296259259,1.0,1.315296296259259
D1,3,Capmul_MCM,Tween_20,Ethanol,blank,10.125,24.5,15.5,0.225,79.57666666666667,0.8146666666666667,-3.2933333333333334,0.0,,,0.0,0.794074074074074,0.0,0.0,0.0,1.588148148148148,1.0,1.588148148148148
DoE10,3,Oleic_Acid,Tween_80,PEG_400,A190,15.0,30.0,10.0,0.0,466.62222223333333,0.5944444443333333,-6.376666666666666,0.0,,,0.4073580247037037,0.5493827159259259,0.0,0.0,0.0,2.320839505962963,1.0,2.320839505962963
B4_F,3,Capryol_90,Tween_20,Ethanol,Feno,8.25,17.0,23.0,1.6499999999999997,211.91111113333332,0.36022222233333334,-2.9,0.0,99.13685196333334,1.0906666666666667e-05,0.12434567903703703,0.28913580259259264,0.0,0.006639600282051215,0.4546666666666667,2.328587842860399,1.0,2.328587842860399
DoE11,3,Oleic_Acid,Tween_80,PEG_400,A190,15.0,30.0,10.0,3.0,427.3222222333334,0.6723333333333333,-5.997777778,0.0,,,0.36369135803703706,0.6359259259259259,0.0,0.0,0.0,2.362925925962963,1.0,2.362925925962963
DoEOPT,3,Oleic_Acid,Tween_80,PEG_400,A190,7.5,20.0,20.0,1.5,184.56296296666667,0.32518518533333335,-5.477037037333333,0.0,104.94800889999999,3.07e-06,0.09395884774074074,0.2502057614814815,0.0,0.03806160692307685,0.8465,3.397911280031339,1.0,3.397911280031339
C3,3,Capryol_90,Labrasol,Ethanol,blank,7.875,20.5,19.5,1.74,10000.0,0.8676296296666667,100.0,1.0,,,11.0,0.8529218107407408,9.0,0.0,0.0,43.705843621481485,0.0,4370.584362148148
C1,3,Soybean_Oil,Tween_20,Ethanol,blank,13.125,10.5,29.5,1.7250000000000003,10000.0,0.8753777776666666,100.0,1.0,,,11.0,0.861530864074074,9.0,0.0,0.0,43.723061728148146,0.0,4372.306172814814
Ran8,3,Capryol_90,Labrasol,Ethanol,blank,8.3333333,16.7,23.3,1.0,10000.0,1.0,100.0,1.0,,,11.0,1.0,9.0,0.0,0.0,44.0,0.0,4400.0
Ran1,3,Soybean_Oil,Tween_20,PEG_400,blank,6.6666667,30.0,10.0,2.5,10000.0,1.0,100.0,1.0,,,11.0,1.0,9.0,0.0,0.0,44.0,0.0,4400.0
Ran4,3,Maisine_Oil,Labrasol,Transcutol_HP,blank,10.0,23.3,16.7,2.0,10000.0,1.0,100.0,1.0,,,11.0,1.0,9.0,0.0,0.0,44.0,0.0,4400.0
Ran2,3,Maisine_Oil,Labrasol,PEG_400,blank,11.6666667,16.7,23.3,3.0,10000.0,1.0,100.0,1.0,,,11.0,1.0,9.0,0.0,0.0,44.0,0.0,4400.0
E1,3,Maisine_Oil,Tween_80,Propylene_Glycol,blank,7.875,15.0,25.0,2.025,10000.0,1.0,100.0,1.0,,,11.0,1.0,9.0,0.0,0.0,44.0,0.0,4400.0
A3,3,Maisine_Oil,Tween_80,Transcutol_HP,blank,8.25,11.0,29.0,0.45,10000.0,1.0,100.0,1.0,,,11.0,1.0,9.0,0.0,0.0,44.0,0.0,4400.0
Ran10,3,Soybean_Oil,Tween_20,Transcutol_HP,blank,8.3333333,23.3,16.7,1.5,10000.0,1.0,100.0,1.0,,,11.0,1.0,9.0,0.0,0.0,44.0,0.0,4400.0
B1,3,Oleic_Acid,Tween_80,Transcutol_HP,blank,8.25,19.0,21.0,2.85,10000.0,1.0,100.0,1.0,,,11.0,1.0,9.0,0.0,0.0,44.0,0.0,4400.0
B2,3,Oleic_Acid,Tween_80,Transcutol_HP,blank,7.95,23.0,17.0,1.3500000000000003,10000.0,1.0,100.0,1.0,,,11.0,1.0,9.0,0.0,0.0,44.0,0.0,4400.0
B5,3,Capryol_90,PEG_400,Transcutol_HP,blank,8.25,11.0,29.0,0.45,10000.0,1.0,100.0,1.0,,,11.0,1.0,9.0,0.0,0.0,44.0,0.0,4400.0
E3,3,Oleic_Acid,Tween_20,Tween_80,blank,20.625,10.0,30.0,2.325,10000.0,1.0,100.0,1.0,,,11.0,1.0,9.0,0.0,0.0,44.0,0.0,4400.0
