Exp,Rep,Oil_V,Surfactant_V,Cosurfactant_V,Sonication,Oil,Surfactant,Cosurfactant,API_Name,Droplet_Size,PDI,Zeta_P,Phase_Sep,Drug_Loading,Permeability
DoE1,1,7.5,10,30,1.5,Oleic_Acid,Tween_80,PEG_400,A190,181.6666667,0.315333333,-4.14,0,,
DoE4,1,7.5,30,10,1.5,Oleic_Acid,Tween_80,PEG_400,A190,361.4333333,0.396666667,-5.67,0,,
DoE10,1,15,30,10,0,Oleic_Acid,Tween_80,PEG_400,A190,705.1333333,0.504333333,-5.243333333,0,,
DoE11,1,15,30,10,3,Oleic_Acid,Tween_80,PEG_400,A190,631.3333333,0.654,-6.096666667,0,,
DoE1,2,7.5,10,30,1.5,Oleic_Acid,Tween_80,PEG_400,A190,276.0333333,0.484666667,-5.376666667,0,,
DoE4,2,7.5,30,10,1.5,Oleic_Acid,Tween_80,PEG_400,A190,314.4666667,0.274,-5.686666667,0,,
DoE10,2,15,30,10,0,Oleic_Acid,Tween_80,PEG_400,A190,356.8666667,0.634333333,-7.096666667,0,,
DoE11,2,15,30,10,3,Oleic_Acid,Tween_80,PEG_400,A190,290.7666667,0.661333333,-5.876666667,0,,
DoE1,3,7.5,10,30,1.5,Oleic_Acid,Tween_80,PEG_400,A190,212.2,0.399,-4.326666667,0,,
DoE4,3,7.5,30,10,1.5,Oleic_Acid,Tween_80,PEG_400,A190,252.5333333,0.462333333,-5.546666667,0,,
DoE10,3,15,30,10,0,Oleic_Acid,Tween_80,PEG_400,A190,337.8666667,0.644666667,-6.79,0,,
DoE11,3,15,30,10,3,Oleic_Acid,Tween_80,PEG_400,A190,359.8666667,0.701666667,-6.02,0,,
DoEOPT,1,7.5,20,20,1.5,Oleic_Acid,Tween_80,PEG_400,A190,179.8555555,0.336555556,-5.284444445,0,109.6666667,1.30E-06
DoEOPT,2,7.5,20,20,1.5,Oleic_Acid,Tween_80,PEG_400,A190,190.1666667,0.309666667,-5.356666667,0,101.1826449,3.94E-06
DoEOPT,3,7.5,20,20,1.5,Oleic_Acid,Tween_80,PEG_400,A190,183.6666667,0.329333333,-5.79,0,103.9947151,3.97E-06
Misc12,1,7.5,20,20,0,Capryol_90,Tween_80,Transcutol_HP,blank,121.2,0.366,-2.613333333,0,,
Misc41,1,7.5,20,20,0.5,Capryol_90,Tween_80,Transcutol_HP,blank,104.7,0.448333333,-2.296666667,0,,
Misc42,1,7.5,20,20,1,Capryol_90,Tween_80,Transcutol_HP,blank,95.23666667,0.345,-2.756666667,0,,
Misc15,1,7.5,20,20,1.5,Capryol_90,Tween_80,Transcutol_HP,blank,119,0.447,-2.326666667,0,,
Misc43,1,7.5,20,20,2,Capryol_90,Tween_80,Transcutol_HP,blank,99.43,0.389333333,-2.086666667,0,,
Misc18,1,7.5,20,20,2.5,Capryol_90,Tween_80,Transcutol_HP,blank,133.1,0.307,-2.206666667,0,,
Misc44,1,7.5,20,20,3,Capryol_90,Tween_80,Transcutol_HP,blank,106.3,0.548,-2.576666667,0,,
Misc12,2,7.5,20,20,0,Capryol_90,Tween_80,Transcutol_HP,blank,98.91,0.487,-2.263333333,0,,
Misc41,2,7.5,20,20,0.5,Capryol_90,Tween_80,Transcutol_HP,blank,85.78,0.407666667,-2.326666667,0,,
Misc42,2,7.5,20,20,1,Capryol_90,Tween_80,Transcutol_HP,blank,97.37666667,0.311333333,-2.653333333,0,,
Misc15,2,7.5,20,20,1.5,Capryol_90,Tween_80,Transcutol_HP,blank,104.4,0.398666667,-1.806666667,0,,
Misc43,2,7.5,20,20,2,Capryol_90,Tween_80,Transcutol_HP,blank,97.62666667,0.284,-2.046666667,0,,
Misc18,2,7.5,20,20,2.5,Capryol_90,Tween_80,Transcutol_HP,blank,121.6333333,0.316666667,-1.86,0,,
Misc44,2,7.5,20,20,3,Capryol_90,Tween_80,Transcutol_HP,blank,96.74666667,0.296666667,-1.746666667,0,,
Misc12,3,7.5,20,20,0,Capryol_90,Tween_80,Transcutol_HP,blank,99.66333333,0.492666667,-2.103333333,0,,
Misc41,3,7.5,20,20,0.5,Capryol_90,Tween_80,Transcutol_HP,blank,85.11333333,0.467,-2.703333333,0,,
Misc42,3,7.5,20,20,1,Capryol_90,Tween_80,Transcutol_HP,blank,97.35666667,0.303333333,-2.74,0,,
Misc15,3,7.5,20,20,1.5,Capryol_90,Tween_80,Transcutol_HP,blank,103.3666667,0.37,-2.173333333,0,,
Misc43,3,7.5,20,20,2,Capryol_90,Tween_80,Transcutol_HP,blank,90.60333333,0.297333333,-1.95,0,,
Misc18,3,7.5,20,20,2.5,Capryol_90,Tween_80,Transcutol_HP,blank,120.8333333,0.295666667,-2.563333333,0,,
Misc44,3,7.5,20,20,3,Capryol_90,Tween_80,Transcutol_HP,blank,95.19666667,0.310666667,-1.753333333,0,,
Ran1,1,6.6666667,30,10,2.5,Soybean_Oil,Tween_20,PEG_400,blank,10000,1,100,1,,
Ran2,1,11.6666667,16.7,23.3,3,Maisine_Oil,Labrasol,PEG_400,blank,10000,1,100,1,,
Ran3,1,10,10,30,2,Capmul_MCM,Tween_80,Propylene_Glycol,blank,274.2,0.265333333,-2.98,0,,
Ran4,1,10,23.3,16.7,2,Maisine_Oil,Labrasol,Transcutol_HP,blank,10000,1,100,1,,
Ran5,1,10,20,20,2,Capryol_90,Tween_20,PEG_400,blank,145.8333333,0.252666667,-3.566666667,0,,
Ran6,1,13.3333333,30,10,0,Capryol_90,Tween_80,Ethanol,blank,180.5,0.291333333,-2.393333333,0,,
Ran7,1,11.6666667,13.3,26.7,0.5,Capryol_90,Tween_20,Propylene_Glycol,blank,185.7666667,0.432333333,-4.17,0,,
Ran8,1,8.3333333,16.7,23.3,1,Capryol_90,Labrasol,Ethanol,blank,10000,1,100,1,,
Ran9,1,10,13.3,26.7,3,Capmul_MCM,Tween_80,Transcutol_HP,blank,232.2333333,0.245333333,-2.316666667,0,,
Ran10,1,8.3333333,23.3,16.7,1.5,Soybean_Oil,Tween_20,Transcutol_HP,blank,10000,1,100,1,,
Ran1,2,6.6666667,30,10,2.5,Soybean_Oil,Tween_20,PEG_400,blank,10000,1,100,1,,
Ran2,2,11.6666667,16.7,23.3,3,Maisine_Oil,Labrasol,PEG_400,blank,10000,1,100,1,,
Ran3,2,10,10,30,2,Capmul_MCM,Tween_80,Propylene_Glycol,blank,271.5666667,0.307666667,-2.496666667,0,,
Ran4,2,10,23.3,16.7,2,Maisine_Oil,Labrasol,Transcutol_HP,blank,10000,1,100,1,,
Ran5,2,10,20,20,2,Capryol_90,Tween_20,PEG_400,blank,149.9666667,0.283,-3.203333333,0,,
Ran6,2,13.3333333,30,10,0,Capryol_90,Tween_80,Ethanol,blank,165.7,0.303333333,-2.366666667,0,,
Ran7,2,11.6666667,13.3,26.7,0.5,Capryol_90,Tween_20,Propylene_Glycol,blank,133.3,0.263333333,-3.903333333,0,,
Ran8,2,8.3333333,16.7,23.3,1,Capryol_90,Labrasol,Ethanol,blank,10000,1,100,1,,
Ran9,2,10,13.3,26.7,3,Capmul_MCM,Tween_80,Transcutol_HP,blank,257,0.251666667,-2.72,0,,
Ran10,2,8.3333333,23.3,16.7,1.5,Soybean_Oil,Tween_20,Transcutol_HP,blank,10000,1,100,1,,
Ran1,3,6.6666667,30,10,2.5,Soybean_Oil,Tween_20,PEG_400,blank,10000,1,100,1,,
Ran2,3,11.6666667,16.7,23.3,3,Maisine_Oil,Labrasol,PEG_400,blank,10000,1,100,1,,
Ran3,3,10,10,30,2,Capmul_MCM,Tween_80,Propylene_Glycol,blank,273.6333333,0.293333333,-2.636666667,0,,
Ran4,3,10,23.3,16.7,2,Maisine_Oil,Labrasol,Transcutol_HP,blank,10000,1,100,1,,
Ran5,3,10,20,20,2,Capryol_90,Tween_20,PEG_400,blank,148.6333333,0.272,-2.246666667,0,,
Ran6,3,13.3333333,30,10,0,Capryol_90,Tween_80,Ethanol,blank,167.1333333,0.299,-2.04,0,,
Ran7,3,11.6666667,13.3,26.7,0.5,Capryol_90,Tween_20,Propylene_Glycol,blank,133.3,0.291,-3.346666667,0,,
Ran8,3,8.3333333,16.7,23.3,1,Capryol_90,Labrasol,Ethanol,blank,10000,1,100,1,,
Ran9,3,10,13.3,26.7,3,Capmul_MCM,Tween_80,Transcutol_HP,blank,193.1333333,0.218,-2.586666667,0,,
Ran10,3,8.3333333,23.3,16.7,1.5,Soybean_Oil,Tween_20,Transcutol_HP,blank,10000,1,100,1,,
A1,1,7.875,21.6,18.4,1.515,Capryol_90,Tween_80,Propylene_Glycol,blank,129.3,0.312,-2.513333333,0,,
A2,1,7.875,21.6,18.4,1.65,Capryol_90,Tween_80,Propylene_Glycol,blank,104.2,0.346,-2.356666667,0,,
A3,1,8.25,11,29,0.45,Maisine_Oil,Tween_80,Transcutol_HP,blank,10000,1,100,1,,
A4,1,7.5,21,19,2.85,Capryol_90,Tween_80,Transcutol_HP,blank,70.24666667,0.565,-2.416666667,0,,
A5,1,7.875,21.6,18.4,2.25,Capryol_90,Tween_80,Propylene_Glycol,blank,112.2333333,0.373,-2.733333333,0,,
A1,2,7.875,21.6,18.4,1.515,Capryol_90,Tween_80,Propylene_Glycol,blank,125.2333333,0.402,-2.293333333,0,,
A2,2,7.875,21.6,18.4,1.65,Capryol_90,Tween_80,Propylene_Glycol,blank,129.3,0.294,-2.263333333,0,,
A3,2,8.25,11,29,0.45,Maisine_Oil,Tween_80,Transcutol_HP,blank,10000,1,100,1,,
A4,2,7.5,21,19,2.85,Capryol_90,Tween_80,Transcutol_HP,blank,66.08,0.579,-2.543333333,0,,
A5,2,7.875,21.6,18.4,2.25,Capryol_90,Tween_80,Propylene_Glycol,blank,117.7666667,0.354,-3.32,0,,
A1,3,7.875,21.6,18.4,1.515,Capryol_90,Tween_80,Propylene_Glycol,blank,148.0666667,0.292,-2.49,0,,
A2,3,7.875,21.6,18.4,1.65,Capryol_90,Tween_80,Propylene_Glycol,blank,134.8666667,0.29,-2.446666667,0,,
A3,3,8.25,11,29,0.45,Maisine_Oil,Tween_80,Transcutol_HP,blank,10000,1,100,1,,
A4,3,7.5,21,19,2.85,Capryol_90,Tween_80,Transcutol_HP,blank,93.26666667,0.603,-2.28,0,,
A5,3,7.875,21.6,18.4,2.25,Capryol_90,Tween_80,Propylene_Glycol,blank,122.1666667,0.32,-3.266666667,0,,
B1,1,8.25,19,21,2.85,Oleic_Acid,Tween_80,Transcutol_HP,blank,10000,1,100,1,,
B2,1,7.95,23,17,1.35,Oleic_Acid,Tween_80,Transcutol_HP,blank,10000,1,100,1,,
B3,1,8.025,11,29,2.55,Capryol_90,Tween_80,Tween_80,blank,28.66333333,0.733,-2.383333333,0,,
B4,1,8.25,17,23,1.65,Capryol_90,Tween_20,Ethanol,blank,12.9,0.263333333,-3.293333333,0,,
B5,1,8.25,11,29,0.45,Capryol_90,PEG_400,Transcutol_HP,blank,10000,1,100,1,,
B1,2,8.25,19,21,2.85,Oleic_Acid,Tween_80,Transcutol_HP,blank,10000,1,100,1,,
B2,2,7.95,23,17,1.35,Oleic_Acid,Tween_80,Transcutol_HP,blank,10000,1,100,1,,
B3,2,8.025,11,29,2.55,Capryol_90,Tween_80,Tween_80,blank,17.35666667,0.318,-2.823333333,0,,
B4,2,8.25,17,23,1.65,Capryol_90,Tween_20,Ethanol,blank,10.96333333,0.119,-3.2,0,,
B5,2,8.25,11,29,0.45,Capryol_90,PEG_400,Transcutol_HP,blank,10000,1,100,1,,
B1,3,8.25,19,21,2.85,Oleic_Acid,Tween_80,Transcutol_HP,blank,10000,1,100,1,,
B2,3,7.95,23,17,1.35,Oleic_Acid,Tween_80,Transcutol_HP,blank,10000,1,100,1,,
B3,3,8.025,11,29,2.55,Capryol_90,Tween_80,Tween_80,blank,16.72,0.224666667,-2.926666667,0,,
B4,3,8.25,17,23,1.65,Capryol_90,Tween_20,Ethanol,blank,11.20666667,0.127,-3.71,0,,
B5,3,8.25,11,29,0.45,Capryol_90,PEG_400,Transcutol_HP,blank,10000,1,100,1,,
C1,1,13.125,10.5,29.5,1.725,Soybean_Oil,Tween_20,Ethanol,blank,10000,1,100,1,,
C2,1,7.8,21.5,18.5,2.925,Capryol_90,Tween_80,Transcutol_HP,blank,61.38,0.576666667,-1.74,0,,
C3,1,7.875,20.5,19.5,1.74,Capryol_90,Labrasol,Ethanol,blank,10000,1,100,1,,
C4,1,7.875,20.5,19.5,2.775,Capryol_90,Tween_80,Transcutol_HP,blank,85.44666667,0.558333333,-2.09,0,,
C5,1,7.875,10.5,29.5,2.67,Capmul_MCM,Tween_20,Transcutol_HP,blank,128.4,0.485333333,-3.24,0,,
C1,2,13.125,10.5,29.5,1.725,Soybean_Oil,Tween_20,Ethanol,blank,10000,1,100,1,,
C2,2,7.8,21.5,18.5,2.925,Capryol_90,Tween_80,Transcutol_HP,blank,76.69666667,0.515666667,-1.356666667,0,,
C3,2,7.875,20.5,19.5,1.74,Capryol_90,Labrasol,Ethanol,blank,10000,1,100,1,,
C4,2,7.875,20.5,19.5,2.775,Capryol_90,Tween_80,Transcutol_HP,blank,96.6,0.364333333,-2.026666667,0,,
C5,2,7.875,10.5,29.5,2.67,Capmul_MCM,Tween_20,Transcutol_HP,blank,142.5333333,0.516,-3.553333333,0,,
C1,3,13.125,10.5,29.5,1.725,Soybean_Oil,Tween_20,Ethanol,blank,10000,0.626133333,100,1,,
C2,3,7.8,21.5,18.5,2.925,Capryol_90,Tween_80,Transcutol_HP,blank,100.9,0.532666667,-1.636666667,0,,
C3,3,7.875,20.5,19.5,1.74,Capryol_90,Labrasol,Ethanol,blank,10000,0.602888889,100,1,,
C4,3,7.875,20.5,19.5,2.775,Capryol_90,Tween_80,Transcutol_HP,blank,99.81666667,0.404333333,-2.063333333,0,,
C5,3,7.875,10.5,29.5,2.67,Capmul_MCM,Tween_20,Transcutol_HP,blank,135.7,0.467666667,-3.81,0,,
D1,1,10.125,24.5,15.5,0.225,Capmul_MCM,Tween_20,Ethanol,blank,104.7,0.688,-3.1,0,,
D2,1,7.5,20.2,19.8,0.975,Capryol_90,Tween_80,Transcutol_HP,blank,89.22,0.521,-2.27,0,,
D3,1,7.875,10.5,29.5,0.825,Capryol_90,Tween_80,Tween_80,blank,13.24,0.117,-2.43,0,,
D4,1,7.575,20.2,19.8,0.975,Capryol_90,Tween_80,Transcutol_HP,blank,63.8,0.545,-2.22,0,,
D5,1,7.5,12.5,27.5,1.725,Maisine_Oil,Tween_80,Propylene_Glycol,blank,133.6,0.295,-2.43,0,,
D1,2,10.125,24.5,15.5,0.225,Capmul_MCM,Tween_20,Ethanol,blank,91.36,0.756,-3.18,0,,
D2,2,7.5,20.2,19.8,0.975,Capryol_90,Tween_80,Transcutol_HP,blank,71.06,0.623,-2.28,0,,
D3,2,7.875,10.5,29.5,0.825,Capryol_90,Tween_80,Tween_80,blank,17.12,0.249,-1.96,0,,
D4,2,7.575,20.2,19.8,0.975,Capryol_90,Tween_80,Transcutol_HP,blank,76.96,0.549,-2.68,0,,
D5,2,7.5,12.5,27.5,1.725,Maisine_Oil,Tween_80,Propylene_Glycol,blank,131.3,0.297,-3.11,0,,
D1,3,10.125,24.5,15.5,0.225,Capmul_MCM,Tween_20,Ethanol,blank,42.67,1,-3.6,0,,
D2,3,7.5,20.2,19.8,0.975,Capryol_90,Tween_80,Transcutol_HP,blank,89.59,0.527,-1.99,0,,
D3,3,7.875,10.5,29.5,0.825,Capryol_90,Tween_80,Tween_80,blank,15.48,0.191,-2.3,0,,
D4,3,7.575,20.2,19.8,0.975,Capryol_90,Tween_80,Transcutol_HP,blank,61.32,0.509,-2.33,0,,
D5,3,7.5,12.5,27.5,1.725,Maisine_Oil,Tween_80,Propylene_Glycol,blank,131.73,0.296,-3.68,0,,
E1,1,7.875,15,25,2.025,Maisine_Oil,Tween_80,Propylene_Glycol,blank,10000,1,100,1,,
E2,1,8.325,18.5,21.5,2.025,Capryol_90,Tween_20,Transcutol_HP,blank,10.97,0.18,-4.01,0,,
E3,1,20.625,10,30,2.325,Oleic_Acid,Tween_20,Tween_80,blank,10000,1,100,1,,
E4,1,7.875,22.3,17.7,1.875,Capryol_90,Tween_80,Propylene_Glycol,blank,68.22,0.61,-2.6,0,,
E5,1,7.875,16.5,23.5,2.925,Capmul_MCM,Tween_80,Transcutol_HP,blank,116.87,0.285,-4.63,0,,
E1,2,7.875,15,25,2.025,Maisine_Oil,Tween_80,Propylene_Glycol,blank,10000,1,100,1,,
E2,2,8.325,18.5,21.5,2.025,Capryol_90,Tween_20,Transcutol_HP,blank,14.98,0.321,-6.57,0,,
E3,2,20.625,10,30,2.325,Oleic_Acid,Tween_20,Tween_80,blank,10000,1,100,1,,
E4,2,7.875,22.3,17.7,1.875,Capryol_90,Tween_80,Propylene_Glycol,blank,116.9,0.422,-2.35,0,,
E5,2,7.875,16.5,23.5,2.925,Capmul_MCM,Tween_80,Transcutol_HP,blank,115.53,0.307,-2.89,0,,
E1,3,7.875,15,25,2.025,Maisine_Oil,Tween_80,Propylene_Glycol,blank,10000,1,100,1,,
E2,3,8.325,18.5,21.5,2.025,Capryol_90,Tween_20,Transcutol_HP,blank,11.27,0.147,-4.05,0,,
E3,3,20.625,10,30,2.325,Oleic_Acid,Tween_20,Tween_80,blank,10000,1,100,1,,
E4,3,7.875,22.3,17.7,1.875,Capryol_90,Tween_80,Propylene_Glycol,blank,96.84,0.506,-2.6,0,,
E5,3,7.875,16.5,23.5,2.925,Capmul_MCM,Tween_80,Transcutol_HP,blank,111.33,0.392,-3.35,0,,
B4_A,1,8.25,17,23,1.65,Capryol_90,Tween_20,Ethanol,A190,25.79666667,0.297666667,-3.636666667,0,110.7866667,1.74E-05
E2_A,1,8.325,18.5,21.5,2.025,Capryol_90,Tween_20,Transcutol_HP,A190,121.1666667,0.150333333,-2.226666667,0,96.49666667,2.34E-05
F5_A,1,10,20,20,2,Capryol_90,Tween_20,PEG_400,A190,149.9666667,0.247666667,-2.743333333,0,98.48,2.42E-05
B4_F,1,8.25,17,23,1.65,Capryol_90,Tween_20,Ethanol,Feno,171.5666667,0.296666667,-2.536666667,0,101.0233333,9.02E-06
E2_F,1,8.325,18.5,21.5,2.025,Capryol_90,Tween_20,Transcutol_HP,Feno,12.18333333,0.179333333,-3.433333333,0,92.74333333,1.69E-05
F5_F,1,10,20,20,2,Capryol_90,Tween_20,PEG_400,Feno,193.9,0.489,-3.116666667,0,100.2566667,1.51E-05
A-A1,R1,8.325,20,19.375,1.98,Capryol_90,Tween_20,Transcutol_HP,A190,19.26333333,0.289333333,-3.183333333,0,97.41,1.66E-05
A-A2,R1,8.0625,40,8.125,1.98,Capryol_90,Tween_20,Ethanol,A190,9.602,0.106333333,-3.553333333,0,117.3933333,3.59E-05
A-A3,R1,8.0625,24.25,15,1.995,Capryol_90,Tween_20,Propylene_Glycol,A190,23.68666667,0.416666667,-3.223333333,0,124.9833333,1.85E-05
A-A4,R1,7.1875,20,19.375,2.025,Capryol_90,Tween_80,Transcutol_HP,A190,78.64333333,0.462333333,-2.686666667,0,126.63,9.51E-06
A-A5,R1,5.35,24.25,15.625,2.025,Maisine_Oil,Tween_20,Transcutol_HP,A190,13.77333333,0.17,-3.23,0,108.3933333,1.71E-05
A-A1,R2,8.325,20,19.375,1.98,Capryol_90,Tween_20,Transcutol_HP,A190,14.58666667,0.351666667,-3.313333333,0,94.49,1.87E-05
A-A2,R2,8.0625,40,8.125,1.98,Capryol_90,Tween_20,Ethanol,A190,10.65333333,0.226666667,-2.986666667,0,85.43666667,2.05E-05
A-A3,R2,8.0625,24.25,15,1.995,Capryol_90,Tween_20,Propylene_Glycol,A190,14.23666667,0.317333333,-3.26,0,113.18,2.16E-05
A-A4,R2,7.1875,20,19.375,2.025,Capryol_90,Tween_80,Transcutol_HP,A190,82.35333333,0.497333333,-2.866666667,0,98.93333333,1.32E-05
A-A5,R2,5.35,24.25,15.625,2.025,Maisine_Oil,Tween_20,Transcutol_HP,A190,13.34333333,0.084666667,-3.213333333,0,106.3066667,1.12E-05
A-A1,R3,8.325,20,19.375,1.98,Capryol_90,Tween_20,Transcutol_HP,A190,37.08,0.549,-2.626666667,0,92.45333333,2.74E-05
A-A2,R3,8.0625,40,8.125,1.98,Capryol_90,Tween_20,Ethanol,A190,10.15333333,0.143666667,-2.696666667,0,111.69,2.92E-05
A-A3,R3,8.0625,24.25,15,1.995,Capryol_90,Tween_20,Propylene_Glycol,A190,17.4,0.533333333,-2.633333333,0,118.5933333,2.36E-05
A-A4,R3,7.1875,20,19.375,2.025,Capryol_90,Tween_80,Transcutol_HP,A190,100.3466667,0.377333333,-2.406666667,0,102.3933333,1.30E-05
A-A5,R3,5.35,24.25,15.625,2.025,Maisine_Oil,Tween_20,Transcutol_HP,A190,13.73,0.095,-3.123333333,0,103.16,1.73E-05
A-B1,R1,7.62,25.45,15,2,Capmul_MCM,Tween_80,Transcutol_HP,A190,63.28333333,0.645,-3.463333333,0,107.9233333,1.49E-05
A-B2,R1,14.98,20,14.38,2.1,Capryol_90,Tween_20,Propylene_Glycol,A190,10000,1,100,1,0,0
A-B3,R1,5.79,21.25,19.38,2.3,Capryol_90,Tween_20,Transcutol_HP,A190,15.8,0.526666667,-3.106666667,0,108.07,1.94E-05
A-B4,R1,8.24,25.3,18.5,2.1,Capmul_MCM,Tween_20,PEG_400,A190,12.33333333,0.216,-3.793333333,0,105.9766667,2.20E-05
A-B5,R1,5.26,23.05,15.88,2.5,Maisine_Oil,Tween_20,Transcutol_HP,A190,14.16666667,0.156,-3.673333333,0,99.54333333,2.37E-05
A-B1,R2,7.62,25.45,15,2,Capmul_MCM,Tween_80,Transcutol_HP,A190,64.76333333,0.633666667,-2.57,0,107.85,1.44E-05
A-B2,R2,14.98,20,14.38,2.1,Capryol_90,Tween_20,Propylene_Glycol,A190,10000,1,100,1,0,0
A-B3,R2,5.79,21.25,19.38,2.3,Capryol_90,Tween_20,Transcutol_HP,A190,21.46666667,0.59,-2.143333333,0,110.9533333,2.00E-05
A-B4,R2,8.24,25.3,18.5,2.1,Capmul_MCM,Tween_20,PEG_400,A190,11.80666667,0.124333333,-4.546666667,0,111.7566667,3.36E-05
A-B5,R2,5.26,23.05,15.88,2.5,Maisine_Oil,Tween_20,Transcutol_HP,A190,15.28666667,0.243666667,-3.22,0,110.81,1.58E-05
A-B1,R3,7.62,25.45,15,2,Capmul_MCM,Tween_80,Transcutol_HP,A190,52.91333333,0.678333333,-2.536666667,0,110.9,1.29E-05
A-B2,R3,14.98,20,14.38,2.1,Capryol_90,Tween_20,Propylene_Glycol,A190,10000,1,100,1,0,0
A-B3,R3,5.79,21.25,19.38,2.3,Capryol_90,Tween_20,Transcutol_HP,A190,22.43333333,0.558666667,-3.456666667,0,108.19,1.78E-05
A-B4,R3,8.24,25.3,18.5,2.1,Capmul_MCM,Tween_20,PEG_400,A190,11.11333333,0.144333333,-2.63,0,100.6633333,2.02E-05
A-B5,R3,5.26,23.05,15.88,2.5,Maisine_Oil,Tween_20,Transcutol_HP,A190,13.88333333,0.142333333,-2.993333333,0,102.0433333,2.66E-05
A-C1,R1,5.26,20.95,14.88,2.6,Maisine_Oil,Tween_20,Propylene_Glycol,A190,10000,1,100,1,0,0
A-C2,R1,5.18,24.25,14.88,2.5,Maisine_Oil,Tween_20,Ethanol,A190,25.01666667,0.732,-3.55,0,106.9966667,2.35E-05
A-C3,R1,5,23.95,14.5,2.6,Maisine_Oil,Tween_20,Ethanol,A190,13.58333333,0.166333333,-2.736666667,0,116.8966667,3.17E-05
A-C4,R1,5,21.1,14.5,2.6,Maisine_Oil,Tween_20,Propylene_Glycol,A190,10000,1,100,1,0,0
A-C5,R1,5.18,20.65,14.38,3,Capmul_MCM,Tween_20,Propylene_Glycol,A190,12.25333333,0.25,-3.726666667,0,109.18,3.33E-05
A-C1,R2,5.26,20.95,14.88,2.6,Maisine_Oil,Tween_20,Propylene_Glycol,A190,10000,1,100,1,0,0
A-C2,R2,5.18,24.25,14.88,2.5,Maisine_Oil,Tween_20,Ethanol,A190,29.75,0.823333333,-3.7,0,114.8233333,2.67E-05
A-C3,R2,5,23.95,14.5,2.6,Maisine_Oil,Tween_20,Ethanol,A190,13.75,0.178,-3.71,0,113.95,2.71E-05
A-C4,R2,5,21.1,14.5,2.6,Maisine_Oil,Tween_20,Propylene_Glycol,A190,10000,1,100,1,0,0
A-C5,R2,5.18,20.65,14.38,3,Capmul_MCM,Tween_20,Propylene_Glycol,A190,11.99,0.244666667,-3.876666667,0,98.36,2.52E-05
A-C1,R3,5.26,20.95,14.88,2.6,Maisine_Oil,Tween_20,Propylene_Glycol,A190,10000,1,100,1,0,0
A-C2,R3,5.18,24.25,14.88,2.5,Maisine_Oil,Tween_20,Ethanol,A190,23.37,0.65,-3.24,0,117.4166667,2.30E-05
A-C3,R3,5,23.95,14.5,2.6,Maisine_Oil,Tween_20,Ethanol,A190,13.05333333,0.165333333,-3.573333333,0,116.2666667,2.35E-05
A-C4,R3,5,21.1,14.5,2.6,Maisine_Oil,Tween_20,Propylene_Glycol,A190,10000,1,100,1,0,0
A-C5,R3,5.18,20.65,14.38,3,Capmul_MCM,Tween_20,Propylene_Glycol,A190,17.17,0.38,-3.873333333,0,103.39,2.90E-05
F-A1,R1,8.0625,20,15,2.295,Capryol_90,Tween_20,Ethanol,Feno,11.29666667,0.170333333,-2.833333333,0,94.75333333,5.30E-06
F-A2,R1,8.325,20,19.375,2.25,Capryol_90,Tween_20,Transcutol_HP,Feno,21.58333333,0.701666667,-3.346666667,0,109.1566667,4.23E-05
F-A3,R1,8.0625,20,11.75,2.31,Capryol_90,Tween_20,PEG_400,Feno,11.45666667,0.163666667,-4.226666667,0,76.66333333,4.37E-06
F-A4,R1,7.1875,20,15.625,2.4,Capryol_90,Tween_80,Transcutol_HP,Feno,103.7766667,0.423666667,-2.743333333,0,98.36666667,6.25E-06
F-A5,R1,8.0625,20,15,2.37,Capryol_90,Tween_20,Propylene_Glycol,Feno,10.98,0.21,-3.896666667,0,99.29666667,1.20E-05
F-A1,R2,8.0625,20,15,2.295,Capryol_90,Tween_20,Ethanol,Feno,11.43666667,0.226333333,-1.653333333,0,98.66333333,6.64E-06
F-A2,R2,8.325,20,19.375,2.25,Capryol_90,Tween_20,Transcutol_HP,Feno,14.80333333,0.468666667,-2.853333333,0,88.96,1.03E-05
F-A3,R2,8.0625,20,11.75,2.31,Capryol_90,Tween_20,PEG_400,Feno,11.36,0.155333333,-4.053333333,0,97.74666667,1.67E-05
F-A4,R2,7.1875,20,15.625,2.4,Capryol_90,Tween_80,Transcutol_HP,Feno,117.1,0.325666667,-3.326666667,0,92.38333333,7.29E-06
F-A5,R2,8.0625,20,15,2.37,Capryol_90,Tween_20,Propylene_Glycol,Feno,11.06333333,0.208,-3.106666667,0,102.0666667,1.13E-05
F-A1,R3,8.0625,20,15,2.295,Capryol_90,Tween_20,Ethanol,Feno,12.51,0.157666667,-3.096666667,0,96.76666667,8.18E-06
F-A2,R3,8.325,20,19.375,2.25,Capryol_90,Tween_20,Transcutol_HP,Feno,21.71,0.721,-2.91,0,86.23333333,1.70E-05
F-A3,R3,8.0625,20,11.75,2.31,Capryol_90,Tween_20,PEG_400,Feno,11.52333333,0.182666667,-3.2,0,113.0166667,8.76E-06
F-A4,R3,7.1875,20,15.625,2.4,Capryol_90,Tween_80,Transcutol_HP,Feno,119.5666667,0.390333333,-2.183333333,0,87.78333333,6.56E-06
F-A5,R3,8.0625,20,15,2.37,Capryol_90,Tween_20,Propylene_Glycol,Feno,11.59333333,0.164666667,-3.476666667,0,98.70666667,1.18E-05
F-B1,R1,8.94,27.55,13.88,2.3,Capryol_90,Tween_20,Transcutol_HP,Feno,12.12,0.306666667,-3.83,0,102.0333333,2.49E-05
F-B2,R1,8.06,27.25,5.5,1.7,Capmul_MCM,Tween_20,PEG_400,Feno,11.90666667,0.202333333,-3.97,0,111.61,1.21E-05
F-B3,R1,8.68,28.75,14,2.5,Capryol_90,Tween_20,Transcutol_HP,Feno,13.32333333,0.392,-2.773333333,0,102.1766667,1.77E-05
F-B4,R1,7.19,27.4,13.5,1.7,Capryol_90,Tween_80,Propylene_Glycol,Feno,145.4666667,0.327333333,-2.676666667,0,101.4133333,1.14E-05
F-B5,R1,5,40,15.5,1.6,Capmul_MCM,Tween_80,PEG_400,Feno,11.19333333,0.067666667,-4.313333333,0,101.2433333,1.28E-05
F-B1,R2,8.94,27.55,13.88,2.3,Capryol_90,Tween_20,Transcutol_HP,Feno,12.74666667,0.355666667,-2.5,0,96.62333333,2.08E-05
F-B2,R2,8.06,27.25,5.5,1.7,Capmul_MCM,Tween_20,PEG_400,Feno,11.24,0.146666667,-2.563333333,0,115.94,1.03E-05
F-B3,R2,8.68,28.75,14,2.5,Capryol_90,Tween_20,Transcutol_HP,Feno,12.18,0.309,-2.423333333,0,97.07333333,1.81E-05
F-B4,R2,7.19,27.4,13.5,1.7,Capryol_90,Tween_80,Propylene_Glycol,Feno,156.4333333,0.359333333,-2.29,0,103.4233333,1.07E-05
F-B5,R2,5,40,15.5,1.6,Capmul_MCM,Tween_80,PEG_400,Feno,11.25333333,0.063,-4.423333333,0,93.07666667,1.60E-05
F-B1,R3,8.94,27.55,13.88,2.3,Capryol_90,Tween_20,Transcutol_HP,Feno,13.03666667,0.345333333,-2.733333333,0,101.9366667,1.66E-05
F-B2,R3,8.06,27.25,5.5,1.7,Capmul_MCM,Tween_20,PEG_400,Feno,15.25333333,0.236666667,-4.693333333,0,114.4033333,1.85E-05
F-B3,R3,8.68,28.75,14,2.5,Capryol_90,Tween_20,Transcutol_HP,Feno,16.26,0.273666667,-4.11,0,85.55,1.55E-05
F-B4,R3,7.19,27.4,13.5,1.7,Capryol_90,Tween_80,Propylene_Glycol,Feno,106.5,0.569,-3.453333333,0,95.13,9.93E-06
F-B5,R3,5,40,15.5,1.6,Capmul_MCM,Tween_80,PEG_400,Feno,11.07666667,0.060666667,-4.083333333,0,93.19,1.57E-05
F-C1,R1,5.26,20.2,5.12,0.1,Capmul_MCM,Tween_20,Propylene_Glycol,Feno,12.56666667,0.197,-2.813333333,0,101.91,1.90E-05
F-C2,R1,5.18,20.05,10.12,0.1,Capmul_MCM,Tween_20,Transcutol_HP,Feno,13.71,0.334,-3.1,0,95.38,1.12E-05
F-C3,R1,5.18,20.8,5.25,0.1,Capmul_MCM,Tween_80,Propylene_Glycol,Feno,11.50333333,0.170333333,-5.39,0,92.59666667,1.19E-05
F-C4,R1,5.44,20.05,5.62,0,Capmul_MCM,Tween_80,PEG_400,Feno,10000,1,100,1,0,0
F-C5,R1,5.35,20.2,10,0.1,Capmul_MCM,Tween_80,Transcutol_HP,Feno,11.74,0.140666667,-4.296666667,0,95.58,1.55E-05
F-C1,R2,5.26,20.2,5.12,0.1,Capmul_MCM,Tween_20,Propylene_Glycol,Feno,14.60666667,0.237666667,-2.936666667,0,96.71,1.19E-05
F-C2,R2,5.18,20.05,10.12,0.1,Capmul_MCM,Tween_20,Transcutol_HP,Feno,18.24,0.573666667,-2.836666667,0,98.11333333,9.98E-06
F-C3,R2,5.18,20.8,5.25,0.1,Capmul_MCM,Tween_80,Propylene_Glycol,Feno,11.66666667,0.103,-4.83,0,92.66,1.93E-05
F-C4,R2,5.44,20.05,5.62,0,Capmul_MCM,Tween_80,PEG_400,Feno,10000,1,100,1,0,0
F-C5,R2,5.35,20.2,10,0.1,Capmul_MCM,Tween_80,Transcutol_HP,Feno,11.91,0.107333333,-4.383333333,0,86.19,1.70E-05
F-C1,R3,5.26,20.2,5.12,0.1,Capmul_MCM,Tween_20,Propylene_Glycol,Feno,13.11,0.232,-2.816666667,0,93.99666667,1.44E-05
F-C2,R3,5.18,20.05,10.12,0.1,Capmul_MCM,Tween_20,Transcutol_HP,Feno,13.95666667,0.344333333,-3.86,0,87.43,1.23E-05
F-C3,R3,5.18,20.8,5.25,0.1,Capmul_MCM,Tween_80,Propylene_Glycol,Feno,12.12,0.126333333,-4.76,0,91.93333333,1.91E-05
F-C4,R3,5.44,20.05,5.62,0,Capmul_MCM,Tween_80,PEG_400,Feno,10000,1,100,1,0,0
F-C5,R3,5.35,20.2,10,0.1,Capmul_MCM,Tween_80,Transcutol_HP,Feno,12,0.120666667,-2.896666667,0,89.90333333,1.41E-05
B4_F,2,8.25,17,23,1.65,Capryol_90,Tween_20,Ethanol,Feno,216.5,0.373666667,-3.443333333,0,96.54973078,1.03E-05
B4_F,3,8.25,17,23,1.65,Capryol_90,Tween_20,Ethanol,Feno,247.6666667,0.410333333,-2.72,0,99.83749181,1.34E-05
F5_F,2,10,20,20,2,Capryol_90,Tween_20,PEG_400,Feno,12.72333333,0.166666667,-4.216666667,0,104.1213814,2.00E-05
F5_F,3,10,20,20,2,Capryol_90,Tween_20,PEG_400,Feno,13.01666667,0.198,-3.073333333,0,102.8669012,1.76E-05
E2_F,2,8.325,18.5,21.5,2.025,Capryol_90,Tween_20,Transcutol_HP,Feno,13.16,0.229666667,-4.216666667,0,100.8299316,1.75E-05
E2_F,3,8.325,18.5,21.5,2.025,Capryol_90,Tween_20,Transcutol_HP,Feno,11.81666667,0.259,-3.386666667,0,100.9490996,1.35E-05
B4_A,2,8.25,17,23,1.65,Capryol_90,Tween_20,Ethanol,A190,20.52333333,0.37,-3.633333333,0,106.5221803,1.84E-05
B4_A,3,8.25,17,23,1.65,Capryol_90,Tween_20,Ethanol,A190,26.21666667,0.338333333,-4.19,0,102.4241058,2.08E-05
F5_A,2,10,20,20,2,Capryol_90,Tween_20,PEG_400,A190,162.9666667,0.274,-2.37,0,107.6195789,3.26E-05
F5_A,3,10,20,20,2,Capryol_90,Tween_20,PEG_400,A190,160.5333333,0.260666667,-2.86,0,105.0612197,2.97E-05
E2_A,2,8.325,18.5,21.5,2.025,Capryol_90,Tween_20,Transcutol_HP,A190,69.38333333,0.259666667,-3.626666667,0,104.7945295,2.22E-05
E2_A,3,8.325,18.5,21.5,2.025,Capryol_90,Tween_20,Transcutol_HP,A190,69.53666667,0.249666667,-4.366666667,0,102.2205929,1.93E-05
